names,cell_cycle_phase,cell_cycle_hrs
A10_355,G2M,0.942
A12_355,G2M,0.959
A13_355,G2M,0.917
A14_355,G2M,0.846
A15_355,S-ph,0.184
A16_355,S-ph,0.691
A17_355,S-ph,0.178
A18_355,S-ph,0.409
A19_355,G2M,0.983
A1_355,S-ph,
A20_355,G1,0.02
A21_355,G1,0.132
A22_355,G1,0.016
A23_355,G2M,0.955
A3_355,G2M,0.979
A4_355,G1,0.191
A5_355,G1,0.011
A6_355,G2M,0.925999999999999
A7_355,G1,0.002
A8_355,G2M,0.935
A9_355,G1,0.12
B10_355,G2M,0.909
B11_355,G2M,0.900999999999999
B13_355,G1,0.012
B14_355,S-ph,0.048
B15_355,G2M,0.838
B16_355,G1,0.013
B17_355,G1,0.004
B18_355,S-ph,0.503
B19_355,G1,0.013
B1_355,G2M,0.905
B20_355,S-ph,0.640999999999999
B21_355,G2M,0.943
B23_355,G1,
B24_355,S-ph,0.367
B2_355,G2M,0.912
B3_355,G2M,0.945
B4_355,G2M,0.948
B5_355,S-ph,0.815
B6_355,S-ph,0.72
B7_355,S-ph,0.472
B8_355,G1,
B9_355,G1,0.031
C10_355,G2M,0.925
C11_355,G2M,0.878
C12_355,G2M,0.939
C13_355,G1,
C14_355,G2M,0.954
C15_355,S-ph,0.565
C16_355,G1,
C17_355,S-ph,0.712
C18_355,G2M,0.853
C19_355,G2M,0.904
C20_355,G1,
C21_355,S-ph,0.732
C22_355,G2M,0.932999999999999
C23_355,G2M,0.782
C24_355,G1,0.044
C2_355,S-ph,0.382999999999999
C3_355,S-ph,0.687
C4_355,G2M,0.978
C5_355,G2M,0.922
C6_355,S-ph,0.664
C7_355,G2M,0.941
C8_355,G1,
C9_355,S-ph,0.898
D10_355,S-ph,0.426
D11_355,G1,0.01
D12_355,G1,0.034
D13_355,G2M,0.947
D14_355,G1,0.055
D16_355,G2M,0.96
D17_355,S-ph,0.311
D18_355,G1,
D19_355,G1,0.108
D1_355,G2M,0.932
D20_355,S-ph,0.602
D21_355,G1,0.047
D22_355,G2M,0.815
D23_355,G1,0.085
D24_355,G2M,0.89
D2_355,G1,0.045
D4_355,G2M,0.904
D5_355,G2M,0.885
D6_355,G2M,0.841
D7_355,S-ph,0.439
D8_355,G2M,0.847
D9_355,G1,0.033
E10_355,G2M,0.863
E11_355,S-ph,0.506
E12_355,G1,0.001
E13_355,G1,0.231999999999999
E14_355,G1,
E15_355,G2M,0.991
E16_355,S-ph,0.406
E18_355,G2M,0.864
E19_355,S-ph,0.660999999999999
E1_355,G1,
E20_355,S-ph,0.462
E21_355,G2M,0.858
E22_355,G2M,0.795999999999999
E3_355,G1,
E4_355,G1,
E6_355,G1,0.043
E7_355,S-ph,0.408
E8_355,G1,0.017
E9_355,S-ph,0.758
F10_355,G2M,0.958
F11_355,G2M,0.949
F12_355,G2M,0.937
F13_355,S-ph,0.716
F14_355,G1,0.087
F15_355,G2M,0.972
F17_355,G2M,0.907999999999999
F18_355,S-ph,0.392999999999999
F19_355,G2M,0.880999999999999
F1_355,G1,0.088
F20_355,G1,0.066
F21_355,G2M,0.845
F22_355,G1,0.098
F23_355,G2M,0.890999999999999
F24_355,G1,0.18
F2_355,G1,0.0559999999999999
F3_355,S-ph,0.52
F4_355,G2M,0.862
F5_355,S-ph,0.669
F6_355,G2M,0.825
F7_355,G2M,0.772
F8_355,S-ph,
F9_355,G2M,0.965
G10_355,G2M,0.854
G11_355,G2M,0.737
G13_355,G1,0.075
G14_355,G2M,0.868
G15_355,S-ph,0.387999999999999
G16_355,G1,
G17_355,S-ph,0.604
G18_355,G2M,0.719
G1_355,S-ph,0.38
G20_355,G1,0.083
G21_355,S-ph,0.315
G22_355,G1,0.144
G23_355,G2M,0.734
G24_355,G1,
G2_355,G2M,0.822
G3_355,G2M,0.733
G5_355,S-ph,0.265
G6_355,G2M,0.879
G7_355,G1,0.062
G8_355,G2M,0.804
G9_355,G2M,0.897
H10_355,G2M,0.869
H11_355,G1,0.089
H12_355,G2M,0.753
H13_355,S-ph,0.529
H14_355,S-ph,0.552999999999999
H15_355,S-ph,0.309
H16_355,G2M,0.8
H17_355,G1,0.163
H18_355,G2M,0.813
H19_355,G1,0.064
H1_355,S-ph,0.67
H20_355,G2M,0.726
H21_355,G1,0.188
H22_355,G1,
H23_355,G1,
H24_355,S-ph,0.445
H2_355,S-ph,0.561
H3_355,G2M,0.849
H4_355,S-ph,0.709
H6_355,S-ph,0.445
H7_355,G1,0.0289999999999999
H8_355,S-ph,0.347
H9_355,G1,0.078
I10_355,S-ph,0.461
I11_355,G2M,0.917
I12_355,G2M,0.874
I13_355,G2M,0.760999999999999
I14_355,S-ph,0.501
I15_355,G1,0.034
I16_355,S-ph,0.6
I17_355,G2M,0.802999999999999
I18_355,G1,0.038
I19_355,S-ph,0.536
I1_355,G2M,0.832
I20_355,S-ph,0.458999999999999
I21_355,S-ph,0.418
I22_355,G2M,0.741
I23_355,G2M,0.894
I24_355,G2M,0.797999999999999
I2_355,G1,
I3_355,G2M,0.835
I4_355,G1,
I5_355,G1,
I6_355,G2M,0.715
I8_355,G1,
J10_355,S-ph,
J11_355,S-ph,0.494
J12_355,G1,
J13_355,G1,
J14_355,G2M,0.78
J15_355,G1,
J16_355,G1,0.154
J17_355,S-ph,0.345
J18_355,G1,
J19_355,G1,0.13
J20_355,G2M,0.725
J21_355,G1,0.322999999999999
J22_355,S-ph,0.670999999999999
J23_355,G2M,0.922999999999999
J2_355,G1,0.061
J3_355,G2M,0.851
J4_355,S-ph,0.684
J5_355,G2M,0.736
J6_355,G2M,0.7
J7_355,G2M,0.77
J8_355,G2M,0.787
J9_355,G2M,0.712
K10_355,G1,0.254
K11_355,G2M,0.778
K12_355,G1,0.308
K13_355,G2M,0.748
K14_355,G1,
K15_355,G1,0.037
K17_355,G2M,0.692
K18_355,G1,
K1_355,S-ph,0.392
K20_355,S-ph,0.51
K21_355,G1,0.295
K22_355,G2M,0.82
K23_355,G2M,0.728
K24_355,G1,0.145
K2_355,G2M,0.785
K3_355,G1,0.0279999999999999
K4_355,G1,
K5_355,G2M,0.777
K6_355,G1,0.092
K7_355,G2M,0.827
K8_355,S-ph,0.422
K9_355,G1,0.204
L10_355,S-ph,0.453999999999999
L11_355,S-ph,0.57
L12_355,S-ph,0.537
L13_355,S-ph,0.518
L14_355,G2M,0.723
L15_355,G1,0.079
L16_355,S-ph,0.407
L17_355,G1,0.188999999999999
L18_355,G2M,0.765
L19_355,G1,
L1_355,G1,
L20_355,G2M,0.682999999999999
L21_355,G2M,0.767
L22_355,S-ph,
L23_355,G2M,0.698
L24_355,S-ph,0.486
L2_355,G1,0.198999999999999
L3_355,G1,0.15
L4_355,S-ph,0.541
L5_355,S-ph,0.446
L6_355,G2M,0.719
L7_355,G1,0.183
L8_355,S-ph,0.519
L9_355,G1,0.226999999999999
M10_355,G1,0.142
M11_355,S-ph,0.595
M12_355,S-ph,0.397
M13_355,S-ph,0.655999999999999
M14_355,S-ph,0.617
M15_355,G2M,0.763
M16_355,G1,0.096
M17_355,G1,0.283
M18_355,G1,
M19_355,G2M,0.695
M1_355,G1,0.151
M20_355,S-ph,0.621
M21_355,G2M,0.677999999999999
M22_355,G1,0.171
M23_355,G2M,0.743
M24_355,G2M,0.703
M2_355,G1,0.237
M3_355,S-ph,0.52
M4_355,G1,0.061
M5_355,G1,
M6_355,S-ph,0.657999999999999
M7_355,G1,0.136
M8_355,S-ph,0.511
M9_355,G1,0.335
N10_355,G1,0.304
N11_355,G1,0.181
N12_355,G1,
N13_355,G1,0.278999999999999
N14_355,G1,
N15_355,G1,0.31
N16_355,G1,0.338999999999999
N17_355,G1,
N18_355,G1,0.208
N19_355,G1,
N1_355,G1,
N20_355,G1,0.186
N21_355,G1,0.302
N22_355,G1,
N23_355,G1,
N24_355,G1,0.193
N2_355,G1,
N3_355,G1,0.313
N4_355,G1,
N5_355,G1,
N6_355,G1,0.215
N7_355,G1,0.327
N8_355,G1,
N9_355,G1,
O10_355,S-ph,0.542999999999999
O11_355,S-ph,0.451
O12_355,S-ph,0.452
O13_355,S-ph,0.412
O14_355,S-ph,0.393999999999999
O15_355,S-ph,0.594
O16_355,S-ph,0.432
O17_355,S-ph,0.467999999999999
O18_355,S-ph,0.466
O19_355,S-ph,0.413
O1_355,S-ph,0.552
O20_355,S-ph,0.421
O21_355,S-ph,0.59
O22_355,S-ph,0.434
O23_355,S-ph,0.452999999999999
O24_355,S-ph,0.542
O2_355,S-ph,0.411
O3_355,S-ph,0.384
O4_355,S-ph,0.386
O5_355,S-ph,0.442999999999999
O6_355,S-ph,0.528
O7_355,S-ph,0.65
O8_355,S-ph,0.488
O9_355,S-ph,0.513
P10_355,G2M,0.56
P11_355,G2M,0.606
P12_355,G2M,0.591
P13_355,G2M,0.595
P14_355,G2M,0.633
P15_355,G2M,0.567
P16_355,G2M,0.545
P17_355,G2M,0.575
P18_355,G2M,0.578
P19_355,G2M,0.589
P1_355,G2M,0.571
P20_355,G2M,0.589
P21_355,G2M,0.577
P22_355,G2M,0.597
P2_355,G2M,0.653
P3_355,G2M,0.568
P4_355,G2M,0.553999999999999
P5_355,G2M,
P6_355,G2M,
P7_355,G2M,0.582
P8_355,G2M,0.532
P9_355,G2M,0.546
A10_356,G2M,0.986
A11_356,G1,0.018
A12_356,G2M,0.883
A13_356,G1,0.0
A14_356,S-ph,0.442
A15_356,G2M,0.821
A16_356,G2M,0.917999999999999
A17_356,G2M,0.919
A19_356,S-ph,0.296
A1_356,S-ph,0.257
A20_356,G2M,0.993
A21_356,S-ph,0.55
A23_356,S-ph,0.402999999999999
A24_356,G2M,0.863
A2_356,G1,0.006
A3_356,S-ph,0.389
A4_356,G1,0.025
A5_356,G1,0.081
A6_356,S-ph,0.423
A7_356,G2M,0.988
A8_356,G2M,0.944
A9_356,S-ph,
B10_356,S-ph,0.41
B11_356,G1,0.114
B12_356,G2M,0.969
B13_356,G1,0.109
B14_356,S-ph,0.395
B15_356,G2M,0.794
B16_356,G2M,0.977
B17_356,G2M,0.963
B18_356,S-ph,0.43
B19_356,G2M,0.831
B1_356,G1,0.042
B20_356,G1,0.0139999999999999
B21_356,S-ph,0.757
B22_356,G2M,0.97
B23_356,S-ph,0.377999999999999
B24_356,S-ph,0.477
B2_356,G2M,0.912999999999999
B3_356,S-ph,0.665
B4_356,S-ph,0.473
B5_356,S-ph,0.713
B6_356,G2M,0.987
B8_356,G1,
B9_356,G2M,0.95
C11_356,G2M,0.856
C12_356,G1,
C14_356,S-ph,0.614
C15_356,S-ph,0.469
C17_356,G1,0.04
C18_356,S-ph,0.628
C19_356,S-ph,0.441
C1_356,G2M,0.927
C21_356,G1,0.023
C22_356,G2M,0.807
C23_356,G2M,0.817
C24_356,S-ph,0.376
C2_356,S-ph,0.573
C3_356,S-ph,0.506
C5_356,G2M,0.938
C6_356,G1,0.125
C7_356,G2M,0.9
C8_356,S-ph,0.436
D10_356,S-ph,0.523
D11_356,S-ph,0.321
D12_356,G2M,0.958
D14_356,G2M,0.823
D15_356,G2M,0.910999999999999
D16_356,G2M,0.892
D17_356,G2M,0.88
D18_356,G1,0.095
D19_356,S-ph,0.616
D1_356,G2M,
D20_356,S-ph,0.662999999999999
D21_356,G1,0.063
D22_356,G2M,0.962
D23_356,G1,0.084
D24_356,G1,0.015
D2_356,S-ph,0.69
D3_356,G1,0.046
D4_356,G2M,0.981
D5_356,G1,0.239
D6_356,G2M,0.99
D7_356,G2M,0.835
D8_356,G2M,0.94
D9_356,G2M,0.800999999999999
E10_356,G1,0.201999999999999
E12_356,G2M,0.924
E13_356,G2M,0.856
E14_356,G2M,0.875999999999999
E15_356,S-ph,0.416
E16_356,G2M,0.979
E17_356,G2M,0.814
E18_356,S-ph,0.479
E19_356,S-ph,0.619
E1_356,G2M,0.952
E20_356,G2M,0.966
E21_356,G2M,0.899
E22_356,G1,0.008
E23_356,S-ph,0.675
E24_356,G1,0.166
E2_356,S-ph,0.344
E3_356,G1,0.032
E4_356,G1,
E5_356,S-ph,0.476
E6_356,G1,0.00699999999999999
E7_356,G2M,0.812
E8_356,G1,0.22
E9_356,G2M,0.945
F10_356,S-ph,0.547999999999999
F11_356,G1,0.071
F12_356,S-ph,0.537999999999999
F13_356,G1,
F14_356,G1,0.123
F15_356,S-ph,0.184
F17_356,S-ph,0.39
F18_356,G2M,0.762
F1_356,S-ph,0.664
F22_356,G2M,0.755999999999999
F23_356,G2M,0.795
F24_356,G2M,0.866
F2_356,G2M,0.836
F3_356,G1,0.102
F4_356,G1,0.136
F5_356,G1,0.172
F6_356,S-ph,0.534
F7_356,G1,0.069
F8_356,G2M,0.789
F9_356,G2M,0.873
G10_356,G2M,0.927999999999999
G11_356,S-ph,0.372
G12_356,G2M,0.973
G13_356,G1,0.077
G14_356,G1,0.103
G15_356,G2M,0.985
G16_356,G1,
G17_356,S-ph,0.286
G18_356,G1,
G19_356,G2M,0.774
G1_356,S-ph,0.485
G20_356,G1,
G21_356,G1,0.005
G22_356,S-ph,0.691
G23_356,G1,0.049
G24_356,S-ph,0.583
G2_356,G2M,0.875999999999999
G3_356,G1,0.24
G5_356,S-ph,0.512
G6_356,G2M,0.718
G7_356,G1,
G8_356,S-ph,0.36
G9_356,G1,0.019
H11_356,S-ph,0.650999999999999
H12_356,G2M,0.775
H13_356,G1,0.059
H16_356,G2M,0.780999999999999
H17_356,G2M,0.73
H19_356,G2M,0.855
H1_356,S-ph,0.593
H20_356,G2M,0.764
H22_356,S-ph,0.382
H23_356,G2M,0.915999999999999
H24_356,G1,
H2_356,S-ph,0.398999999999999
H4_356,S-ph,0.68
H5_356,S-ph,0.605
H6_356,S-ph,0.623
H7_356,S-ph,0.444
H8_356,G2M,0.753
H9_356,S-ph,0.659
I10_356,G2M,0.805999999999999
I11_356,S-ph,0.513
I12_356,G2M,0.84
I13_356,G2M,0.887
I14_356,G1,
I15_356,G2M,0.86
I16_356,G2M,0.848
I17_356,G1,0.0579999999999999
I18_356,G1,0.111
I19_356,G1,0.053
I1_356,G1,0.123
I20_356,G1,0.0409999999999999
I21_356,G1,
I23_356,G2M,0.965
I24_356,S-ph,0.609
I3_356,G2M,0.749
I4_356,G2M,0.759
I5_356,S-ph,0.483
I6_356,G2M,0.826
I7_356,S-ph,0.382999999999999
I8_356,G2M,0.837
I9_356,G1,0.146
J10_356,G1,
J11_356,G2M,0.742
J12_356,G2M,0.74
J13_356,G2M,0.842
J14_356,S-ph,0.665999999999999
J16_356,S-ph,0.626
J17_356,G2M,0.842
J18_356,G1,
J19_356,G2M,0.818
J1_356,G1,0.134
J20_356,G1,
J21_356,G1,0.065
J22_356,S-ph,0.474
J24_356,S-ph,0.405
J2_356,G1,0.068
J3_356,S-ph,0.584
J4_356,G2M,0.930999999999999
J5_356,G1,0.116999999999999
J6_356,G2M,0.849
J7_356,S-ph,0.655
J8_356,S-ph,0.569
J9_356,G1,
K10_356,S-ph,0.516
K11_356,G2M,0.724
K12_356,G2M,0.794
K13_356,G2M,0.779
K14_356,S-ph,0.472
K15_356,S-ph,0.517
K16_356,S-ph,0.387
K17_356,G2M,0.765999999999999
K18_356,G2M,0.819
K19_356,S-ph,0.447999999999999
K1_356,G1,0.122
K20_356,S-ph,0.427
K22_356,G1,0.307
K23_356,G1,
K24_356,G2M,0.829
K2_356,G1,
K3_356,S-ph,0.685
K4_356,G2M,0.929
K7_356,S-ph,0.368
K8_356,G2M,0.828
K9_356,G2M,0.889
L10_356,S-ph,0.657
L11_356,S-ph,0.535
L12_356,G1,0.179
L14_356,G2M,0.785999999999999
L15_356,S-ph,0.467
L16_356,G1,0.156
L17_356,G2M,0.711
L19_356,G2M,0.682
L1_356,S-ph,0.514
L20_356,S-ph,0.493
L21_356,G2M,0.698
L22_356,S-ph,0.42
L23_356,G2M,0.755
L24_356,S-ph,
L2_356,G1,0.2
L3_356,S-ph,0.45
L4_356,G2M,0.782999999999999
L6_356,G2M,0.738
L7_356,G2M,0.722
L8_356,G1,0.267
L9_356,G1,0.214
M10_356,G2M,0.696
M11_356,G1,0.223999999999999
M12_356,S-ph,0.645
M13_356,S-ph,0.566
M14_356,S-ph,0.615
M15_356,G2M,0.704
M16_356,G2M,0.799
M17_356,G1,0.115999999999999
M18_356,S-ph,0.557
M19_356,S-ph,0.508
M1_356,S-ph,0.424
M20_356,G1,
M21_356,S-ph,0.603
M22_356,S-ph,0.479
M23_356,G2M,0.735
M24_356,S-ph,0.397999999999999
M2_356,G2M,0.706
M3_356,G2M,0.769
M4_356,G1,0.099
M5_356,G1,
M6_356,S-ph,0.654
M7_356,S-ph,0.582
M8_356,G2M,0.773
M9_356,G1,
N10_356,G1,0.342999999999999
N11_356,G1,0.192
N12_356,G1,0.282
N13_356,G1,0.19
N14_356,G1,0.298
N15_356,G1,0.217
N16_356,G1,0.353
N17_356,G1,0.126
N18_356,G1,0.248
N19_356,G1,
N1_356,G1,0.094
N20_356,G1,0.273999999999999
N21_356,G1,0.06
N22_356,G1,0.089
N23_356,G1,0.358
N24_356,G1,0.198
N2_356,G1,0.349
N3_356,G1,0.246
N4_356,G1,0.159
N5_356,G1,
N6_356,G1,
N7_356,G1,0.100999999999999
N8_356,G1,0.287
N9_356,G1,0.293
O10_356,S-ph,0.521
O11_356,S-ph,0.642
O12_356,S-ph,0.611
O13_356,S-ph,0.428
O14_356,S-ph,0.463999999999999
O15_356,S-ph,0.402
O16_356,S-ph,0.499
O17_356,S-ph,0.492
O18_356,S-ph,0.447
O19_356,S-ph,0.547
O1_356,S-ph,
O20_356,S-ph,0.599
O21_356,S-ph,0.563
O22_356,S-ph,0.41
O23_356,S-ph,0.433
O24_356,S-ph,0.47
O2_356,S-ph,0.457
O3_356,S-ph,0.385
O4_356,S-ph,0.505
O5_356,S-ph,0.471
O6_356,S-ph,0.48
O7_356,S-ph,0.417
O8_356,S-ph,0.515
O9_356,S-ph,0.636
P10_356,G2M,0.61
P11_356,G2M,0.58
P12_356,G2M,0.551
P13_356,G2M,0.65
P14_356,G2M,0.562
P15_356,G2M,0.572
P16_356,G2M,0.631
P17_356,G2M,0.638
P18_356,G2M,0.602
P19_356,G2M,0.596
P1_356,G2M,0.645999999999999
P20_356,G2M,0.557999999999999
P21_356,G2M,0.64
P22_356,G2M,0.558999999999999
P2_356,G2M,0.648
P3_356,G2M,0.627
P4_356,G2M,0.643
P5_356,G2M,0.63
P6_356,G2M,0.534
P7_356,G2M,0.575
P8_356,G2M,0.629
P9_356,G2M,0.547
A10_357,G2M,0.982
A11_357,S-ph,0.635
A12_357,G1,0.09
A13_357,G2M,0.956
A14_357,G1,0.139
A15_357,S-ph,0.672
A16_357,G1,
A17_357,G2M,0.744
A18_357,S-ph,0.26
A19_357,G2M,0.852
A1_357,S-ph,0.674
A20_357,G2M,0.953
A21_357,G2M,0.843
A22_357,S-ph,0.233
A23_357,G2M,0.895999999999999
A24_357,G1,
A2_357,G2M,0.861
A3_357,G1,0.185
A4_357,S-ph,0.336
A5_357,S-ph,0.359
A6_357,G2M,0.885999999999999
A7_357,S-ph,0.971
A8_357,G2M,0.964
A9_357,S-ph,0.27
B10_357,S-ph,0.262
B11_357,G2M,0.951
B12_357,S-ph,0.264
B13_357,G2M,0.914
B14_357,G2M,0.754
B15_357,G1,0.0409999999999999
B16_357,G1,0.068
B18_357,S-ph,0.46
B19_357,S-ph,0.564
B1_357,G2M,0.976
B20_357,G1,0.135
B21_357,G2M,0.839
B22_357,G2M,0.946
B23_357,G2M,0.807999999999999
B24_357,G2M,0.974
B2_357,G2M,0.952
B3_357,G1,0.196999999999999
B4_357,S-ph,0.588
B6_357,G1,0.07
B7_357,G2M,0.989
B8_357,G2M,0.961
B9_357,G1,
C10_357,S-ph,0.49
C11_357,S-ph,0.369
C12_357,G1,0.115
C13_357,S-ph,0.375
C14_357,G2M,0.907
C16_357,G1,0.021
C17_357,G2M,0.98
C18_357,S-ph,0.363
C19_357,S-ph,0.397
C1_357,S-ph,0.437
C20_357,G1,0.073
C21_357,G1,0.111999999999999
C22_357,S-ph,0.705
C23_357,G2M,0.902
C24_357,G2M,0.81
C2_357,G2M,0.975
C3_357,G1,0.086
C4_357,G2M,0.967
C5_357,G2M,0.859
C6_357,S-ph,0.612
C8_357,G2M,0.882
C9_357,S-ph,0.5
D10_357,G1,0.128
D11_357,G1,0.107
D12_357,S-ph,0.34
D13_357,G2M,0.802
D14_357,G1,
D15_357,G1,0.104
D16_357,G1,0.02
D17_357,G2M,0.869
D18_357,S-ph,0.365
D19_357,G2M,0.85
D1_357,G1,
D20_357,G1,0.047
D21_357,S-ph,0.29
D23_357,S-ph,0.419
D24_357,G1,0.057
D2_357,S-ph,0.634
D3_357,G2M,0.972
D4_357,G2M,0.867
D5_357,G1,
D6_357,S-ph,0.54
D7_357,G1,0.119
D8_357,S-ph,0.548999999999999
D9_357,G2M,0.792
E10_357,G1,
E11_357,S-ph,0.667999999999999
E12_357,S-ph,0.717
E13_357,G2M,0.87
E14_357,G2M,0.824
E15_357,G2M,0.935999999999999
E16_357,S-ph,0.258
E17_357,G1,0.024
E18_357,G2M,0.920999999999999
E19_357,G2M,0.938
E1_357,G2M,0.905999999999999
E21_357,G1,0.006
E22_357,G2M,0.76
E23_357,G1,0.129
E24_357,S-ph,0.403999999999999
E2_357,S-ph,0.455
E3_357,G2M,0.968
E4_357,G1,0.054
E5_357,G2M,0.915
E6_357,G1,0.0819999999999999
E7_357,S-ph,0.502
E8_357,G2M,0.92
E9_357,S-ph,0.568
F10_357,G1,
F11_357,G1,0.127
F13_357,G1,0.1
F14_357,S-ph,0.670999999999999
F15_357,G2M,0.884
F16_357,G2M,0.984
F17_357,S-ph,0.28
F18_357,G1,
F19_357,S-ph,0.675999999999999
F1_357,G1,0.196
F20_357,S-ph,0.321
F21_357,G2M,0.924
F23_357,G2M,0.821
F24_357,S-ph,0.457999999999999
F2_357,G2M,0.816
F3_357,G2M,0.893
F4_357,G2M,0.790999999999999
F5_357,G1,0.168
F6_357,S-ph,0.613
F7_357,S-ph,0.647
F8_357,S-ph,0.396
F9_357,G2M,0.89
G10_357,G2M,0.857
G11_357,G2M,0.809
G12_357,G2M,0.871
G13_357,S-ph,0.425
G14_357,G1,
G15_357,G2M,0.930999999999999
G16_357,G1,0.163999999999999
G17_357,G1,0.26
G18_357,G1,0.026
G19_357,G1,
G1_357,G2M,0.865
G20_357,G1,0.162
G21_357,G1,0.105
G22_357,S-ph,0.487
G23_357,G2M,0.957
G24_357,G1,0.143
G2_357,G1,0.149
G3_357,G2M,0.768
G4_357,G2M,0.78
G5_357,G2M,0.773
G6_357,S-ph,0.356
G7_357,G2M,0.729
G8_357,G2M,0.897
G9_357,G1,
H10_357,G1,0.05
H11_357,S-ph,0.585
H13_357,G2M,0.875
H15_357,S-ph,0.672999999999999
H16_357,S-ph,0.37
H17_357,G1,0.171
H18_357,G1,0.027
H19_357,G1,
H1_357,S-ph,0.526
H21_357,S-ph,0.525
H22_357,G2M,0.91
H23_357,S-ph,0.553999999999999
H24_357,G2M,0.770999999999999
H3_357,G1,0.08
H5_357,G1,
H6_357,G1,
H7_357,G2M,0.872
H8_357,S-ph,0.481
H9_357,G1,0.075
I10_357,S-ph,0.377
I12_357,G2M,0.888
I13_357,S-ph,0.662
I14_357,S-ph,0.667
I15_357,G1,0.027
I16_357,S-ph,0.373
I17_357,G1,
I18_357,S-ph,0.437999999999999
I19_357,S-ph,0.66
I1_357,G2M,0.828
I20_357,G2M,0.739
I21_357,S-ph,0.376
I22_357,G1,0.074
I23_357,G1,0.158
I24_357,S-ph,0.44
I2_357,G2M,0.91
I3_357,S-ph,0.624
I4_357,G2M,0.903
I5_357,G1,0.067
I7_357,S-ph,0.531
I8_357,G1,0.153
I9_357,G1,
J10_357,G1,
J11_357,G1,0.218999999999999
J12_357,G2M,0.702
J13_357,S-ph,0.369
J14_357,S-ph,0.435
J15_357,G2M,0.805
J16_357,G1,
J17_357,G2M,
J18_357,G2M,0.93
J19_357,G1,0.157
J1_357,S-ph,0.417
J20_357,G2M,0.883
J21_357,G2M,0.747
J22_357,G2M,0.895
J23_357,G2M,0.807999999999999
J24_357,S-ph,0.456
J2_357,S-ph,0.379
J3_357,G1,0.225
J4_357,S-ph,0.677999999999999
J5_357,G1,0.133
J6_357,G1,0.035
J7_357,G1,0.118
J8_357,S-ph,0.391
J9_357,G1,0.23
K10_357,G1,0.299
K11_357,S-ph,0.576
K12_357,G2M,0.810999999999999
K13_357,G1,
K14_357,G2M,0.708
K15_357,G1,0.076
K16_357,G1,0.0969999999999999
K17_357,G1,
K18_357,G2M,0.731
K19_357,S-ph,0.643
K1_357,G2M,0.792999999999999
K20_357,G1,0.205
K21_357,G1,0.239
K22_357,G2M,0.746
K23_357,G2M,0.79
K24_357,G2M,0.750999999999999
K2_357,G1,0.054
K3_357,G2M,0.83
K4_357,G2M,0.714
K7_357,S-ph,0.657
K8_357,S-ph,0.489
K9_357,G1,0.124
L10_357,G1,0.147
L11_357,G1,0.102
L12_357,G2M,0.775999999999999
L13_357,G2M,0.787999999999999
L14_357,G2M,0.834
L15_357,G2M,0.684
L16_357,S-ph,0.401
L17_357,G2M,0.732
L18_357,G1,
L19_357,G1,0.272
L1_357,G1,0.052
L21_357,G2M,0.701
L22_357,G2M,0.680999999999999
L24_357,S-ph,0.532999999999999
L2_357,G2M,0.75
L4_357,G1,0.175
L5_357,G2M,0.693
L6_357,G1,
L7_357,G1,0.221
L8_357,S-ph,0.539
L9_357,G2M,0.71
M10_357,G2M,0.685999999999999
M11_357,G2M,0.679
M13_357,S-ph,0.527
M14_357,G1,0.223
M15_357,G1,
M16_357,S-ph,0.437999999999999
M17_357,G1,0.243
M18_357,G1,0.259
M19_357,G1,0.247
M1_357,S-ph,0.587
M20_357,S-ph,0.431
M21_357,G2M,0.784
M22_357,G1,0.155
M23_357,G1,0.176
M2_357,S-ph,0.465
M3_357,G2M,0.689
M4_357,G2M,0.707
M5_357,S-ph,0.482
M7_357,S-ph,0.496
M8_357,G1,0.193999999999999
M9_357,G2M,0.833
N10_357,G1,0.231999999999999
N11_357,G1,0.256
N12_357,G1,0.268999999999999
N13_357,G1,0.213
N14_357,G1,
N15_357,G1,0.253
N16_357,G1,0.312
N17_357,G1,0.109
N18_357,G1,0.226
N19_357,G1,0.316
N1_357,G1,0.32
N20_357,G1,
N21_357,G1,
N22_357,G1,0.33
N23_357,G1,0.228
N24_357,G1,
N2_357,G1,
N3_357,G1,0.121
N4_357,G1,0.273
N5_357,G1,
N6_357,G1,0.235
N7_357,G1,0.284
N8_357,G1,
N9_357,G1,0.337
O10_357,S-ph,0.495
O11_357,S-ph,0.424
O12_357,S-ph,0.524
O13_357,S-ph,0.491
O14_357,S-ph,0.522
O15_357,S-ph,0.415
O16_357,S-ph,0.478
O17_357,S-ph,0.5
O18_357,S-ph,0.586
O19_357,S-ph,0.429
O1_357,S-ph,0.527
O20_357,S-ph,0.53
O21_357,S-ph,0.457999999999999
O22_357,S-ph,0.484
O23_357,S-ph,0.452
O24_357,S-ph,0.465
O2_357,S-ph,0.403999999999999
O3_357,S-ph,0.504
O4_357,S-ph,0.63
O5_357,S-ph,0.632
O6_357,S-ph,0.493
O7_357,S-ph,0.4
O8_357,S-ph,0.652
O9_357,S-ph,0.644
P10_357,G2M,0.636
P11_357,G2M,0.639
P12_357,G2M,0.609
P13_357,G2M,0.556
P14_357,G2M,0.598
P15_357,G2M,0.623
P16_357,G2M,0.607
P17_357,G2M,0.618
P18_357,G2M,0.649
P19_357,G2M,0.601
P1_357,G2M,0.616
P20_357,G2M,0.625
P21_357,G2M,0.637
P22_357,G2M,0.581
P2_357,G2M,0.555
P3_357,G2M,0.507
P4_357,G2M,0.579
P5_357,G2M,0.62
P6_357,G2M,0.592
P7_357,G2M,0.544
P8_357,G2M,0.561
P9_357,G2M,0.574
